"Step","2025-05-01_14-00-20_walker2d-medium-v2_ppo_shortcut_mlp_td4_td4_seed3407_merge - eval/avg episode reward","2025-05-01_14-00-20_walker2d-medium-v2_ppo_shortcut_mlp_td4_td4_seed3407_merge - eval/avg episode reward__MIN","2025-05-01_14-00-20_walker2d-medium-v2_ppo_shortcut_mlp_td4_td4_seed3407_merge - eval/avg episode reward__MAX","2025-05-01_14-00-20_walker2d-medium-v2_ppo_shortcut_mlp_td4_td4_seed42_merge - eval/avg episode reward","2025-05-01_14-00-20_walker2d-medium-v2_ppo_shortcut_mlp_td4_td4_seed42_merge - eval/avg episode reward__MIN","2025-05-01_14-00-20_walker2d-medium-v2_ppo_shortcut_mlp_td4_td4_seed42_merge - eval/avg episode reward__MAX","2025-05-01_14-00-20_walker2d-medium-v2_ppo_shortcut_mlp_td4_td4_seed0_merge - eval/avg episode reward","2025-05-01_14-00-20_walker2d-medium-v2_ppo_shortcut_mlp_td4_td4_seed0_merge - eval/avg episode reward__MIN","2025-05-01_14-00-20_walker2d-medium-v2_ppo_shortcut_mlp_td4_td4_seed0_merge - eval/avg episode reward__MAX","2025-04-29_20-43-19_walker2d-medium-v2_ppo_diffusion_DDIM_4steps_seed3407 - eval/avg episode reward","2025-04-29_20-43-19_walker2d-medium-v2_ppo_diffusion_DDIM_4steps_seed3407 - eval/avg episode reward__MIN","2025-04-29_20-43-19_walker2d-medium-v2_ppo_diffusion_DDIM_4steps_seed3407 - eval/avg episode reward__MAX","2025-04-29_20-43-13_walker2d-medium-v2_ppo_diffusion_DDIM_4steps_seed0 - eval/avg episode reward","2025-04-29_20-43-13_walker2d-medium-v2_ppo_diffusion_DDIM_4steps_seed0 - eval/avg episode reward__MIN","2025-04-29_20-43-13_walker2d-medium-v2_ppo_diffusion_DDIM_4steps_seed0 - eval/avg episode reward__MAX","2025-04-28_22-04-39_walker2d-medium-v2_ppo_reflow_mlp_ta4_td4_seed3407 - eval/avg episode reward","2025-04-28_22-04-39_walker2d-medium-v2_ppo_reflow_mlp_ta4_td4_seed3407 - eval/avg episode reward__MIN","2025-04-28_22-04-39_walker2d-medium-v2_ppo_reflow_mlp_ta4_td4_seed3407 - eval/avg episode reward__MAX","2025-04-28_22-04-31_walker2d-medium-v2_ppo_reflow_mlp_ta4_td4_seed42 - eval/avg episode reward","2025-04-28_22-04-31_walker2d-medium-v2_ppo_reflow_mlp_ta4_td4_seed42 - eval/avg episode reward__MIN","2025-04-28_22-04-31_walker2d-medium-v2_ppo_reflow_mlp_ta4_td4_seed42 - eval/avg episode reward__MAX","2025-04-28_22-04-18_walker2d-medium-v2_ppo_reflow_mlp_ta4_td4_seed0 - eval/avg episode reward","2025-04-28_22-04-18_walker2d-medium-v2_ppo_reflow_mlp_ta4_td4_seed0 - eval/avg episode reward__MIN","2025-04-28_22-04-18_walker2d-medium-v2_ppo_reflow_mlp_ta4_td4_seed0 - eval/avg episode reward__MAX","2025-04-16_20-03-21_walker2d-medium-v2_ppo_diffusion_DDIM_4steps_mlp_ta4_td20_tdf4_seed42 - eval/avg episode reward","2025-04-16_20-03-21_walker2d-medium-v2_ppo_diffusion_DDIM_4steps_mlp_ta4_td20_tdf4_seed42 - eval/avg episode reward__MIN","2025-04-16_20-03-21_walker2d-medium-v2_ppo_diffusion_DDIM_4steps_mlp_ta4_td20_tdf4_seed42 - eval/avg episode reward__MAX","2025-03-29_21-28-47_walker2d-medium-v2_ppo_diffusion_mlp_ta4_td20_tdf10_seed42 - avg episode reward - eval","2025-03-29_21-28-47_walker2d-medium-v2_ppo_diffusion_mlp_ta4_td20_tdf10_seed42 - avg episode reward - eval__MIN","2025-03-29_21-28-47_walker2d-medium-v2_ppo_diffusion_mlp_ta4_td20_tdf10_seed42 - avg episode reward - eval__MAX","11-20-23_walker2d-medium-v2_ppo_diffusion_mlp_ta4_td20_tdf10_seed3407 - avg episode reward - eval","11-20-23_walker2d-medium-v2_ppo_diffusion_mlp_ta4_td20_tdf10_seed3407 - avg episode reward - eval__MIN","11-20-23_walker2d-medium-v2_ppo_diffusion_mlp_ta4_td20_tdf10_seed3407 - avg episode reward - eval__MAX","11-19-45_walker2d-medium-v2_ppo_diffusion_mlp_ta4_td20_tdf10_seed0 - avg episode reward - eval","11-19-45_walker2d-medium-v2_ppo_diffusion_mlp_ta4_td20_tdf10_seed0 - avg episode reward - eval__MIN","11-19-45_walker2d-medium-v2_ppo_diffusion_mlp_ta4_td20_tdf10_seed0 - avg episode reward - eval__MAX"
"0","2832.0712587921353","2832.0712587921353","2832.0712587921353","3019.0936627923143","3019.0936627923143","3019.0936627923143","2975.6208968536494","2975.6208968536494","2975.6208968536494","2448.213857357643","2448.213857357643","2448.213857357643","2239.2667250894433","2239.2667250894433","2239.2667250894433","2784.309005777549","2784.309005777549","2784.309005777549","2898.775930334714","2898.775930334714","2898.775930334714","2868.0375924446816","2868.0375924446816","2868.0375924446816","2356.898037270008","2356.898037270008","2356.898037270008","2803.5174779083814","2803.5174779083814","2803.5174779083814","2789.0728578487006","2789.0728578487006","2789.0728578487006","2956.6758052955965","2956.6758052955965","2956.6758052955965"
"10","3536.6989959749417","3536.6989959749417","3536.6989959749417","3291.293220041882","3291.293220041882","3291.293220041882","3672.326152129711","3672.326152129711","3672.326152129711","2598.1646567799053","2598.1646567799053","2598.1646567799053","2788.8968099120584","2788.8968099120584","2788.8968099120584","3478.7925115968565","3478.7925115968565","3478.7925115968565","3438.4730399869877","3438.4730399869877","3438.4730399869877","3495.98030445732","3495.98030445732","3495.98030445732","2487.2397996070404","2487.2397996070404","2487.2397996070404","3254.1189134601273","3254.1189134601273","3254.1189134601273","3160.8612347348503","3160.8612347348503","3160.8612347348503","3319.061823334751","3319.061823334751","3319.061823334751"
"20","3797.5378968147525","3797.5378968147525","3797.5378968147525","3824.7775069674112","3824.7775069674112","3824.7775069674112","3716.961292690755","3716.961292690755","3716.961292690755","2909.921411153992","2909.921411153992","2909.921411153992","2963.224821799273","2963.224821799273","2963.224821799273","3553.76981305973","3553.76981305973","3553.76981305973","3535.700611366546","3535.700611366546","3535.700611366546","3544.5591059019544","3544.5591059019544","3544.5591059019544","2901.0072579884545","2901.0072579884545","2901.0072579884545","3529.917003638412","3529.917003638412","3529.917003638412","3419.9013362627024","3419.9013362627024","3419.9013362627024","3539.4124317265014","3539.4124317265014","3539.4124317265014"
"30","3792.9136255363146","3792.9136255363146","3792.9136255363146","3922.359962459674","3922.359962459674","3922.359962459674","3803.112294679515","3803.112294679515","3803.112294679515","3273.748725108197","3273.748725108197","3273.748725108197","3047.887585793328","3047.887585793328","3047.887585793328","3583.5315960683756","3583.5315960683756","3583.5315960683756","3448.971542599361","3448.971542599361","3448.971542599361","3622.2804091444996","3622.2804091444996","3622.2804091444996","3112.9757510134323","3112.9757510134323","3112.9757510134323","3566.899282142125","3566.899282142125","3566.899282142125","3545.039146298276","3545.039146298276","3545.039146298276","3558.83408645764","3558.83408645764","3558.83408645764"
"40","3755.197081049563","3755.197081049563","3755.197081049563","3964.1739218039825","3964.1739218039825","3964.1739218039825","3818.107697430107","3818.107697430107","3818.107697430107","3439.8948801152037","3439.8948801152037","3439.8948801152037","3286.676393717804","3286.676393717804","3286.676393717804","3490.4788846833953","3490.4788846833953","3490.4788846833953","3587.497383845355","3587.497383845355","3587.497383845355","3650.7050041144475","3650.7050041144475","3650.7050041144475","3271.995874931584","3271.995874931584","3271.995874931584","3671.2379349059897","3671.2379349059897","3671.2379349059897","3626.5619255606043","3626.5619255606043","3626.5619255606043","3516.430323565814","3516.430323565814","3516.430323565814"
"50","3714.6199393094103","3714.6199393094103","3714.6199393094103","3968.424739733543","3968.424739733543","3968.424739733543","3759.9779315593637","3759.9779315593637","3759.9779315593637","3343.0586535191733","3343.0586535191733","3343.0586535191733","3539.0972021894295","3539.0972021894295","3539.0972021894295","3632.532919029596","3632.532919029596","3632.532919029596","3612.275820406273","3612.275820406273","3612.275820406273","3699.2604432276194","3699.2604432276194","3699.2604432276194","3440.2850963844626","3440.2850963844626","3440.2850963844626","3695.1443423893097","3695.1443423893097","3695.1443423893097","3605.4447687869338","3605.4447687869338","3605.4447687869338","3504.1390413578606","3504.1390413578606","3504.1390413578606"
"60","3797.1394652106974","3797.1394652106974","3797.1394652106974","3932.4969875560214","3932.4969875560214","3932.4969875560214","3718.2643146061323","3718.2643146061323","3718.2643146061323","3354.8558443187694","3354.8558443187694","3354.8558443187694","3558.317315507699","3558.317315507699","3558.317315507699","3680.9428781540423","3680.9428781540423","3680.9428781540423","3716.351384672642","3716.351384672642","3716.351384672642","3731.750029473277","3731.750029473277","3731.750029473277","3467.635312872825","3467.635312872825","3467.635312872825","3729.1067399232243","3729.1067399232243","3729.1067399232243","3787.1266582541443","3787.1266582541443","3787.1266582541443","3460.599827226054","3460.599827226054","3460.599827226054"
"70","3775.0495463330017","3775.0495463330017","3775.0495463330017","3939.118266569746","3939.118266569746","3939.118266569746","3711.9401539224227","3711.9401539224227","3711.9401539224227","3531.6939692993496","3531.6939692993496","3531.6939692993496","3525.818933423047","3525.818933423047","3525.818933423047","3773.291277393296","3773.291277393296","3773.291277393296","3769.338093448913","3769.338093448913","3769.338093448913","3731.6464308842505","3731.6464308842505","3731.6464308842505","3394.3127894512195","3394.3127894512195","3394.3127894512195","3700.432244666043","3700.432244666043","3700.432244666043","3666.383168543817","3666.383168543817","3666.383168543817","3467.9023886164505","3467.9023886164505","3467.9023886164505"
"80","3834.4930458208155","3834.4930458208155","3834.4930458208155","3963.146894316885","3963.146894316885","3963.146894316885","3789.306203236808","3789.306203236808","3789.306203236808","3594.874363875031","3594.874363875031","3594.874363875031","3543.2484992163536","3543.2484992163536","3543.2484992163536","3796.9550031418084","3796.9550031418084","3796.9550031418084","3807.9581831544433","3807.9581831544433","3807.9581831544433","3779.749278362861","3779.749278362861","3779.749278362861","3417.737123272178","3417.737123272178","3417.737123272178","3636.851091493861","3636.851091493861","3636.851091493861","3711.6641588188686","3711.6641588188686","3711.6641588188686","3433.1688778232274","3433.1688778232274","3433.1688778232274"
"90","3829.0809943685176","3829.0809943685176","3829.0809943685176","3951.0004574376244","3951.0004574376244","3951.0004574376244","3818.7447991942936","3818.7447991942936","3818.7447991942936","3380.7666833691887","3380.7666833691887","3380.7666833691887","3454.961526414748","3454.961526414748","3454.961526414748","3872.227489667338","3872.227489667338","3872.227489667338","3838.687101876721","3838.687101876721","3838.687101876721","3803.697479481729","3803.697479481729","3803.697479481729","3466.0306841236743","3466.0306841236743","3466.0306841236743","3590.3022674808185","3590.3022674808185","3590.3022674808185","3751.0683273438926","3751.0683273438926","3751.0683273438926","3349.50481719905","3349.50481719905","3349.50481719905"
"100","3873.722177016802","3873.722177016802","3873.722177016802","3940.7734419504295","3940.7734419504295","3940.7734419504295","3892.49255654578","3892.49255654578","3892.49255654578","3514.977101975653","3514.977101975653","3514.977101975653","3596.8083146313134","3596.8083146313134","3596.8083146313134","3913.3351221510684","3913.3351221510684","3913.3351221510684","3849.1507340189055","3849.1507340189055","3849.1507340189055","3777.408932868652","3777.408932868652","3777.408932868652","3514.6302549620887","3514.6302549620887","3514.6302549620887","3548.644663620061","3548.644663620061","3548.644663620061","3673.2300279234782","3673.2300279234782","3673.2300279234782","3467.651947449176","3467.651947449176","3467.651947449176"
"110","3872.2002028592265","3872.2002028592265","3872.2002028592265","3974.674868252295","3974.674868252295","3974.674868252295","3898.630155435722","3898.630155435722","3898.630155435722","3416.7836820314565","3416.7836820314565","3416.7836820314565","3632.2682547010227","3632.2682547010227","3632.2682547010227","3887.224582975403","3887.224582975403","3887.224582975403","3887.2755438613226","3887.2755438613226","3887.2755438613226","3809.477145089762","3809.477145089762","3809.477145089762","3535.9101117034706","3535.9101117034706","3535.9101117034706","3534.7904986066033","3534.7904986066033","3534.7904986066033","3758.2044679656296","3758.2044679656296","3758.2044679656296","3444.9230321093746","3444.9230321093746","3444.9230321093746"
"120","3973.195923487516","3973.195923487516","3973.195923487516","4014.2208822736347","4014.2208822736347","4014.2208822736347","3841.86354678244","3841.86354678244","3841.86354678244","3495.4521749068226","3495.4521749068226","3495.4521749068226","3615.284905037457","3615.284905037457","3615.284905037457","3905.465970065121","3905.465970065121","3905.465970065121","3918.3674416230874","3918.3674416230874","3918.3674416230874","3821.697711075399","3821.697711075399","3821.697711075399","3375.206733170858","3375.206733170858","3375.206733170858","3551.308788356501","3551.308788356501","3551.308788356501","3750.4848531177727","3750.4848531177727","3750.4848531177727","3540.0996921388237","3540.0996921388237","3540.0996921388237"
"130","3968.1758251242295","3968.1758251242295","3968.1758251242295","4049.2972400474378","4049.2972400474378","4049.2972400474378","3846.6622917730556","3846.6622917730556","3846.6622917730556","3445.647546605776","3445.647546605776","3445.647546605776","3559.689217588739","3559.689217588739","3559.689217588739","3997.8803836287975","3997.8803836287975","3997.8803836287975","3961.2979576791668","3961.2979576791668","3961.2979576791668","3882.3228105780627","3882.3228105780627","3882.3228105780627","3427.9494024035494","3427.9494024035494","3427.9494024035494","3554.464686611852","3554.464686611852","3554.464686611852","3670.187866695806","3670.187866695806","3670.187866695806","3517.691631804934","3517.691631804934","3517.691631804934"
"140","4050.4605638805106","4050.4605638805106","4050.4605638805106","4004.8874149179123","4004.8874149179123","4004.8874149179123","3888.227505368558","3888.227505368558","3888.227505368558","3508.048938379805","3508.048938379805","3508.048938379805","3572.811462965042","3572.811462965042","3572.811462965042","3992.077080540893","3992.077080540893","3992.077080540893","4006.8105873217983","4006.8105873217983","4006.8105873217983","3872.3704521569466","3872.3704521569466","3872.3704521569466","3247.6556785199245","3247.6556785199245","3247.6556785199245","3466.263597820035","3466.263597820035","3466.263597820035","3710.344441347764","3710.344441347764","3710.344441347764","3553.1217177310286","3553.1217177310286","3553.1217177310286"
"150","4061.559117368445","4061.559117368445","4061.559117368445","4042.329919750811","4042.329919750811","4042.329919750811","3898.803722423056","3898.803722423056","3898.803722423056","3455.4070731443962","3455.4070731443962","3455.4070731443962","3557.0720526853415","3557.0720526853415","3557.0720526853415","4056.522297120295","4056.522297120295","4056.522297120295","4005.6029347756657","4005.6029347756657","4005.6029347756657","3890.4650988927724","3890.4650988927724","3890.4650988927724","3391.661655642977","3391.661655642977","3391.661655642977","3442.3158915013364","3442.3158915013364","3442.3158915013364","3697.066987200183","3697.066987200183","3697.066987200183","3573.230109505615","3573.230109505615","3573.230109505615"
"160","4069.0710861566354","4069.0710861566354","4069.0710861566354","4079.2358837731576","4079.2358837731576","4079.2358837731576","3857.767251858296","3857.767251858296","3857.767251858296","3485.4312075484777","3485.4312075484777","3485.4312075484777","3536.190312297958","3536.190312297958","3536.190312297958","4065.2106809441802","4065.2106809441802","4065.2106809441802","3997.4289837188044","3997.4289837188044","3997.4289837188044","3914.9705261974586","3914.9705261974586","3914.9705261974586","3287.351695087865","3287.351695087865","3287.351695087865","3526.395593346745","3526.395593346745","3526.395593346745","3635.5863820718346","3635.5863820718346","3635.5863820718346","3613.3240935471867","3613.3240935471867","3613.3240935471867"
"170","4045.0148877689776","4045.0148877689776","4045.0148877689776","4026.8417950145013","4026.8417950145013","4026.8417950145013","3881.5929174402454","3881.5929174402454","3881.5929174402454","3547.7530864585906","3547.7530864585906","3547.7530864585906","3653.914958049597","3653.914958049597","3653.914958049597","4120.444033247679","4120.444033247679","4120.444033247679","4061.1446834884723","4061.1446834884723","4061.1446834884723","3895.633735774333","3895.633735774333","3895.633735774333","3274.026870907609","3274.026870907609","3274.026870907609","3410.9725542596525","3410.9725542596525","3410.9725542596525","3665.469347403171","3665.469347403171","3665.469347403171","3629.563084470677","3629.563084470677","3629.563084470677"
"180","4030.245151620893","4030.245151620893","4030.245151620893","4064.335008112516","4064.335008112516","4064.335008112516","3852.522332275479","3852.522332275479","3852.522332275479","3475.167982601888","3475.167982601888","3475.167982601888","3605.043218372483","3605.043218372483","3605.043218372483","4101.073013967258","4101.073013967258","4101.073013967258","4153.129555168138","4153.129555168138","4153.129555168138","3890.6083752127633","3890.6083752127633","3890.6083752127633","3448.5902503521725","3448.5902503521725","3448.5902503521725","3362.59828194004","3362.59828194004","3362.59828194004","3665.9672503977868","3665.9672503977868","3665.9672503977868","3545.0648653050885","3545.0648653050885","3545.0648653050885"
"190","4024.640796966852","4024.640796966852","4024.640796966852","4094.107126056285","4094.107126056285","4094.107126056285","3831.8336588477264","3831.8336588477264","3831.8336588477264","3404.9188243423732","3404.9188243423732","3404.9188243423732","3560.8789020654976","3560.8789020654976","3560.8789020654976","4144.302480517295","4144.302480517295","4144.302480517295","4145.034922467761","4145.034922467761","4145.034922467761","3894.819240204249","3894.819240204249","3894.819240204249","3267.4842853268988","3267.4842853268988","3267.4842853268988","3443.8895393596713","3443.8895393596713","3443.8895393596713","3648.645237043701","3648.645237043701","3648.645237043701","3662.6628476462856","3662.6628476462856","3662.6628476462856"
"200","4082.5934512268914","4082.5934512268914","4082.5934512268914","4054.894956877426","4054.894956877426","4054.894956877426","3862.976708924712","3862.976708924712","3862.976708924712","3187.5344811122927","3187.5344811122927","3187.5344811122927","3582.860652885078","3582.860652885078","3582.860652885078","4197.483833303564","4197.483833303564","4197.483833303564","4102.150948262773","4102.150948262773","4102.150948262773","3942.4628026819614","3942.4628026819614","3942.4628026819614","3333.54620925211","3333.54620925211","3333.54620925211","3478.62978098709","3478.62978098709","3478.62978098709","3696.0517939215983","3696.0517939215983","3696.0517939215983","3626.300326652411","3626.300326652411","3626.300326652411"
"210","4109.592476256352","4109.592476256352","4109.592476256352","4054.302983291557","4054.302983291557","4054.302983291557","3845.918454679486","3845.918454679486","3845.918454679486","3445.779081928312","3445.779081928312","3445.779081928312","3649.6295974387335","3649.6295974387335","3649.6295974387335","4191.3396543937315","4191.3396543937315","4191.3396543937315","4143.32025166234","4143.32025166234","4143.32025166234","3969.9060974791923","3969.9060974791923","3969.9060974791923","3356.5329781449036","3356.5329781449036","3356.5329781449036","3528.0387923519374","3528.0387923519374","3528.0387923519374","3689.831089386041","3689.831089386041","3689.831089386041","3659.7119493219916","3659.7119493219916","3659.7119493219916"
"220","4108.588694321352","4108.588694321352","4108.588694321352","4038.841525300576","4038.841525300576","4038.841525300576","3873.34692648067","3873.34692648067","3873.34692648067","3453.6578678456212","3453.6578678456212","3453.6578678456212","3583.947102560108","3583.947102560108","3583.947102560108","4203.119505749842","4203.119505749842","4203.119505749842","4103.919534208106","4103.919534208106","4103.919534208106","3981.4448173852043","3981.4448173852043","3981.4448173852043","3370.841498618466","3370.841498618466","3370.841498618466","3661.781110860496","3661.781110860496","3661.781110860496","3645.169860265033","3645.169860265033","3645.169860265033","3600.0138662036684","3600.0138662036684","3600.0138662036684"
"230","4100.980521361689","4100.980521361689","4100.980521361689","4060.74101442385","4060.74101442385","4060.74101442385","3891.6521154197617","3891.6521154197617","3891.6521154197617","3306.9477869132957","3306.9477869132957","3306.9477869132957","3765.6071397872233","3765.6071397872233","3765.6071397872233","4264.066808790742","4264.066808790742","4264.066808790742","4135.668633134666","4135.668633134666","4135.668633134666","4071.0217003077023","4071.0217003077023","4071.0217003077023","3541.3760577890907","3541.3760577890907","3541.3760577890907","3679.1000345282605","3679.1000345282605","3679.1000345282605","3606.0143941460933","3606.0143941460933","3606.0143941460933","3478.0714143103114","3478.0714143103114","3478.0714143103114"
"240","4044.0719344366007","4044.0719344366007","4044.0719344366007","4075.9693684631798","4075.9693684631798","4075.9693684631798","3890.6611646071788","3890.6611646071788","3890.6611646071788","3475.8826860239305","3475.8826860239305","3475.8826860239305","3569.73078296335","3569.73078296335","3569.73078296335","4252.641269629658","4252.641269629658","4252.641269629658","4151.166733122532","4151.166733122532","4151.166733122532","4082.3850787497277","4082.3850787497277","4082.3850787497277","3331.897355997922","3331.897355997922","3331.897355997922","3661.5299461084273","3661.5299461084273","3661.5299461084273","3625.0129919806423","3625.0129919806423","3625.0129919806423","3613.472098085823","3613.472098085823","3613.472098085823"
"250","4074.3062262178564","4074.3062262178564","4074.3062262178564","4096.594000801308","4096.594000801308","4096.594000801308","3849.928003140638","3849.928003140638","3849.928003140638","3367.9137250183276","3367.9137250183276","3367.9137250183276","3748.0680706710104","3748.0680706710104","3748.0680706710104","4206.334447965215","4206.334447965215","4206.334447965215","4125.643835284713","4125.643835284713","4125.643835284713","4077.71187325692","4077.71187325692","4077.71187325692","3423.6313282695032","3423.6313282695032","3423.6313282695032","3611.1444422318077","3611.1444422318077","3611.1444422318077","3636.017236955202","3636.017236955202","3636.017236955202","3546.982056051773","3546.982056051773","3546.982056051773"
"260","4119.826139154151","4119.826139154151","4119.826139154151","4129.43628935288","4129.43628935288","4129.43628935288","3873.2063081774786","3873.2063081774786","3873.2063081774786","3130.5168526571906","3130.5168526571906","3130.5168526571906","3624.169605761793","3624.169605761793","3624.169605761793","4200.655081038006","4200.655081038006","4200.655081038006","4115.899843006833","4115.899843006833","4115.899843006833","4085.935636808009","4085.935636808009","4085.935636808009","3472.353517459275","3472.353517459275","3472.353517459275","3592.757668690529","3592.757668690529","3592.757668690529","3626.5511536375175","3626.5511536375175","3626.5511536375175","3629.053076418151","3629.053076418151","3629.053076418151"
"270","4150.918790380728","4150.918790380728","4150.918790380728","4156.594008072936","4156.594008072936","4156.594008072936","3862.036585712175","3862.036585712175","3862.036585712175","3206.148559659696","3206.148559659696","3206.148559659696","3685.6450965311","3685.6450965311","3685.6450965311","4192.750486077453","4192.750486077453","4192.750486077453","4199.548426109447","4199.548426109447","4199.548426109447","4045.6005841722917","4045.6005841722917","4045.6005841722917","3455.16807596104","3455.16807596104","3455.16807596104","3475.5589743377373","3475.5589743377373","3475.5589743377373","3611.966895459408","3611.966895459408","3611.966895459408","3603.727896737073","3603.727896737073","3603.727896737073"
"280","4169.578173168193","4169.578173168193","4169.578173168193","4194.617920652293","4194.617920652293","4194.617920652293","3907.8394010839097","3907.8394010839097","3907.8394010839097","3168.1756067609986","3168.1756067609986","3168.1756067609986","3660.9001739752066","3660.9001739752066","3660.9001739752066","4157.952167950697","4157.952167950697","4157.952167950697","4213.038775250543","4213.038775250543","4213.038775250543","4091.551022548921","4091.551022548921","4091.551022548921","3520.8542435531513","3520.8542435531513","3520.8542435531513","3563.136601188894","3563.136601188894","3563.136601188894","3590.9362449135324","3590.9362449135324","3590.9362449135324","3635.828982364117","3635.828982364117","3635.828982364117"
"290","4149.944070502612","4149.944070502612","4149.944070502612","4174.613074206163","4174.613074206163","4174.613074206163","3975.280231604539","3975.280231604539","3975.280231604539","3412.743116637158","3412.743116637158","3412.743116637158","3650.2047667553097","3650.2047667553097","3650.2047667553097","4140.594596689932","4140.594596689932","4140.594596689932","4171.239520266483","4171.239520266483","4171.239520266483","4081.18857516327","4081.18857516327","4081.18857516327","3239.9867738210114","3239.9867738210114","3239.9867738210114","3575.3623091588365","3575.3623091588365","3575.3623091588365","3603.480873427594","3603.480873427594","3603.480873427594","3669.7223218910367","3669.7223218910367","3669.7223218910367"
"300","4137.759655608105","4137.759655608105","4137.759655608105","4183.735348053585","4183.735348053585","4183.735348053585","3957.055203452973","3957.055203452973","3957.055203452973","3364.2663486645915","3364.2663486645915","3364.2663486645915","3712.951294877939","3712.951294877939","3712.951294877939","4203.793262861906","4203.793262861906","4203.793262861906","4224.944693202079","4224.944693202079","4224.944693202079","4089.7564027424696","4089.7564027424696","4089.7564027424696","3112.8386013300683","3112.8386013300683","3112.8386013300683","3550.9662625513242","3550.9662625513242","3550.9662625513242","3530.1089649245923","3530.1089649245923","3530.1089649245923","3643.054954151924","3643.054954151924","3643.054954151924"
"310","4118.027301022446","4118.027301022446","4118.027301022446","4076.7983301792933","4076.7983301792933","4076.7983301792933","3914.787503615965","3914.787503615965","3914.787503615965","3593.692927444994","3593.692927444994","3593.692927444994","3594.11830925927","3594.11830925927","3594.11830925927","4271.824417417649","4271.824417417649","4271.824417417649","4217.470888554261","4217.470888554261","4217.470888554261","4009.0821340511575","4009.0821340511575","4009.0821340511575","3291.660453152983","3291.660453152983","3291.660453152983","3558.5781221432567","3558.5781221432567","3558.5781221432567","3584.1179899054755","3584.1179899054755","3584.1179899054755","3645.083279327763","3645.083279327763","3645.083279327763"
"320","4122.211346220637","4122.211346220637","4122.211346220637","4100.845798812955","4100.845798812955","4100.845798812955","3885.5551821135005","3885.5551821135005","3885.5551821135005","3461.303543416843","3461.303543416843","3461.303543416843","3660.125662002228","3660.125662002228","3660.125662002228","4215.324597949127","4215.324597949127","4215.324597949127","4195.69223528154","4195.69223528154","4195.69223528154","4129.972280446494","4129.972280446494","4129.972280446494","3156.527082985298","3156.527082985298","3156.527082985298","3603.074613546721","3603.074613546721","3603.074613546721","3597.2935104797316","3597.2935104797316","3597.2935104797316","3662.2632095945037","3662.2632095945037","3662.2632095945037"
"330","4139.784331271124","4139.784331271124","4139.784331271124","4114.342574095782","4114.342574095782","4114.342574095782","3934.1508204361744","3934.1508204361744","3934.1508204361744","3458.7061608754448","3458.7061608754448","3458.7061608754448","3561.2439804265427","3561.2439804265427","3561.2439804265427","4172.463583008731","4172.463583008731","4172.463583008731","4178.993049255745","4178.993049255745","4178.993049255745","4175.881164971894","4175.881164971894","4175.881164971894","3353.8580045607137","3353.8580045607137","3353.8580045607137","3669.878369458044","3669.878369458044","3669.878369458044","3705.786411232305","3705.786411232305","3705.786411232305","3714.1311098415586","3714.1311098415586","3714.1311098415586"
"340","4172.740801289919","4172.740801289919","4172.740801289919","4111.624860932517","4111.624860932517","4111.624860932517","3935.295538248801","3935.295538248801","3935.295538248801","3501.570621616613","3501.570621616613","3501.570621616613","3664.1945913757577","3664.1945913757577","3664.1945913757577","4046.44524249983","4046.44524249983","4046.44524249983","4110.522830623716","4110.522830623716","4110.522830623716","4169.734026950206","4169.734026950206","4169.734026950206","3130.860839341471","3130.860839341471","3130.860839341471","3628.9824629580385","3628.9824629580385","3628.9824629580385","3697.8453331503574","3697.8453331503574","3697.8453331503574","3732.9072705005988","3732.9072705005988","3732.9072705005988"
"350","4170.64783586754","4170.64783586754","4170.64783586754","4093.500093181304","4093.500093181304","4093.500093181304","3947.3739700278993","3947.3739700278993","3947.3739700278993","3432.001588313329","3432.001588313329","3432.001588313329","3478.0029793340946","3478.0029793340946","3478.0029793340946","4027.5438357842927","4027.5438357842927","4027.5438357842927","4087.1188408675516","4087.1188408675516","4087.1188408675516","4104.555913675569","4104.555913675569","4104.555913675569","3349.6091346355756","3349.6091346355756","3349.6091346355756","3712.6680031501332","3712.6680031501332","3712.6680031501332","3750.4796637356003","3750.4796637356003","3750.4796637356003","3767.8574964103113","3767.8574964103113","3767.8574964103113"
"360","4122.692471581405","4122.692471581405","4122.692471581405","4065.759347378451","4065.759347378451","4065.759347378451","3988.0184770652604","3988.0184770652604","3988.0184770652604","3262.9676730634555","3262.9676730634555","3262.9676730634555","3583.955764491771","3583.955764491771","3583.955764491771","4028.380691234969","4028.380691234969","4028.380691234969","4003.501093334511","4003.501093334511","4003.501093334511","4030.553627418651","4030.553627418651","4030.553627418651","3228.208977172744","3228.208977172744","3228.208977172744","3738.59984983174","3738.59984983174","3738.59984983174","3742.307331065378","3742.307331065378","3742.307331065378","3823.6652095262784","3823.6652095262784","3823.6652095262784"
"370","4147.255163857696","4147.255163857696","4147.255163857696","4003.384764937324","4003.384764937324","4003.384764937324","3978.205907593466","3978.205907593466","3978.205907593466","3208.62314198047","3208.62314198047","3208.62314198047","3586.1893530361954","3586.1893530361954","3586.1893530361954","4013.3372740462873","4013.3372740462873","4013.3372740462873","3946.7932679463192","3946.7932679463192","3946.7932679463192","3986.602768228814","3986.602768228814","3986.602768228814","3271.290251726902","3271.290251726902","3271.290251726902","3692.641051858799","3692.641051858799","3692.641051858799","3739.718446693708","3739.718446693708","3739.718446693708","3849.0323740398476","3849.0323740398476","3849.0323740398476"
"380","4222.817089501733","4222.817089501733","4222.817089501733","4037.759233097102","4037.759233097102","4037.759233097102","4027.293264738236","4027.293264738236","4027.293264738236","2875.317533271184","2875.317533271184","2875.317533271184","3691.654067130445","3691.654067130445","3691.654067130445","4056.7294850699427","4056.7294850699427","4056.7294850699427","3937.4541573521383","3937.4541573521383","3937.4541573521383","3906.170109429529","3906.170109429529","3906.170109429529","3264.3177053805534","3264.3177053805534","3264.3177053805534","3669.2491915892506","3669.2491915892506","3669.2491915892506","3815.819566479024","3815.819566479024","3815.819566479024","3821.130068165011","3821.130068165011","3821.130068165011"
"390","4218.206225411467","4218.206225411467","4218.206225411467","4010.468913414358","4010.468913414358","4010.468913414358","4040.427376642775","4040.427376642775","4040.427376642775","3516.7578673494827","3516.7578673494827","3516.7578673494827","3587.1506280798126","3587.1506280798126","3587.1506280798126","3953.7954890576575","3953.7954890576575","3953.7954890576575","3924.0129350925417","3924.0129350925417","3924.0129350925417","3891.889700239853","3891.889700239853","3891.889700239853","3358.8446838336336","3358.8446838336336","3358.8446838336336","3698.364189264629","3698.364189264629","3698.364189264629","3840.1133232015954","3840.1133232015954","3840.1133232015954","3756.5832944712165","3756.5832944712165","3756.5832944712165"
"400","4202.703944256781","4202.703944256781","4202.703944256781","4058.975289143326","4058.975289143326","4058.975289143326","4040.227354079201","4040.227354079201","4040.227354079201","3248.0162990172403","3248.0162990172403","3248.0162990172403","3475.405918776794","3475.405918776794","3475.405918776794","4009.497049433435","4009.497049433435","4009.497049433435","3977.2012385385074","3977.2012385385074","3977.2012385385074","3855.0390090875762","3855.0390090875762","3855.0390090875762","3439.8388554736835","3439.8388554736835","3439.8388554736835","3697.83761793492","3697.83761793492","3697.83761793492","3857.6185342155413","3857.6185342155413","3857.6185342155413","3811.4041264458087","3811.4041264458087","3811.4041264458087"
"410","4185.295123850837","4185.295123850837","4185.295123850837","4043.881388518502","4043.881388518502","4043.881388518502","4066.919361557785","4066.919361557785","4066.919361557785","2981.8801333819433","2981.8801333819433","2981.8801333819433","3352.0941612432425","3352.0941612432425","3352.0941612432425","3979.27248603325","3979.27248603325","3979.27248603325","3960.0219308481815","3960.0219308481815","3960.0219308481815","3845.767382880568","3845.767382880568","3845.767382880568","3233.1577073471476","3233.1577073471476","3233.1577073471476","3651.6933198970437","3651.6933198970437","3651.6933198970437","3801.481595081542","3801.481595081542","3801.481595081542","3816.0203538460614","3816.0203538460614","3816.0203538460614"
"420","4202.008730999661","4202.008730999661","4202.008730999661","4035.782463494265","4035.782463494265","4035.782463494265","4149.667380113757","4149.667380113757","4149.667380113757","3251.799641277485","3251.799641277485","3251.799641277485","3345.1351130359963","3345.1351130359963","3345.1351130359963","3984.5920748167664","3984.5920748167664","3984.5920748167664","3947.8674372487417","3947.8674372487417","3947.8674372487417","3853.0803654847996","3853.0803654847996","3853.0803654847996","3620.5392755116604","3620.5392755116604","3620.5392755116604","3665.460518775384","3665.460518775384","3665.460518775384","3824.390969687959","3824.390969687959","3824.390969687959","3873.9800970878823","3873.9800970878823","3873.9800970878823"
"430","4201.184384550996","4201.184384550996","4201.184384550996","4048.8421955347717","4048.8421955347717","4048.8421955347717","4157.522232994882","4157.522232994882","4157.522232994882","3430.4358177470085","3430.4358177470085","3430.4358177470085","3524.2878404683775","3524.2878404683775","3524.2878404683775","3953.274181444609","3953.274181444609","3953.274181444609","3973.998488054939","3973.998488054939","3973.998488054939","3895.023347042319","3895.023347042319","3895.023347042319","3333.222986770957","3333.222986770957","3333.222986770957","3623.5159580299733","3623.5159580299733","3623.5159580299733","3802.0636448372898","3802.0636448372898","3802.0636448372898","3869.07211353952","3869.07211353952","3869.07211353952"
"440","4187.884766934594","4187.884766934594","4187.884766934594","4208.4845630768095","4208.4845630768095","4208.4845630768095","4161.548684486463","4161.548684486463","4161.548684486463","2907.755755797968","2907.755755797968","2907.755755797968","3627.622768206086","3627.622768206086","3627.622768206086","4060.183850950726","4060.183850950726","4060.183850950726","4018.6598389312494","4018.6598389312494","4018.6598389312494","3844.4028522349117","3844.4028522349117","3844.4028522349117","3122.994036612514","3122.994036612514","3122.994036612514","3687.4313462647965","3687.4313462647965","3687.4313462647965","3820.0002137841234","3820.0002137841234","3820.0002137841234","3713.274331042844","3713.274331042844","3713.274331042844"
"450","4188.720177575727","4188.720177575727","4188.720177575727","4318.464192468454","4318.464192468454","4318.464192468454","4179.806687686343","4179.806687686343","4179.806687686343","3069.337109310622","3069.337109310622","3069.337109310622","3691.1930085761296","3691.1930085761296","3691.1930085761296","4042.582752651874","4042.582752651874","4042.582752651874","3950.4007269751005","3950.4007269751005","3950.4007269751005","3829.072668855247","3829.072668855247","3829.072668855247","3094.8530432627704","3094.8530432627704","3094.8530432627704","3719.7025762520107","3719.7025762520107","3719.7025762520107","3822.5513855842414","3822.5513855842414","3822.5513855842414","3884.2059170346206","3884.2059170346206","3884.2059170346206"
"460","4231.470808556325","4231.470808556325","4231.470808556325","4268.878303663392","4268.878303663392","4268.878303663392","4213.407136881346","4213.407136881346","4213.407136881346","2785.503694424487","2785.503694424487","2785.503694424487","3437.5582931174727","3437.5582931174727","3437.5582931174727","4073.4211319648684","4073.4211319648684","4073.4211319648684","3900.1149134397083","3900.1149134397083","3900.1149134397083","3868.8930293937424","3868.8930293937424","3868.8930293937424","3249.338431338243","3249.338431338243","3249.338431338243","3688.096308698417","3688.096308698417","3688.096308698417","3831.0828776813432","3831.0828776813432","3831.0828776813432","3861.2105029918043","3861.2105029918043","3861.2105029918043"
"470","4196.707512127611","4196.707512127611","4196.707512127611","4259.072281325915","4259.072281325915","4259.072281325915","4183.570114570303","4183.570114570303","4183.570114570303","2867.542631043207","2867.542631043207","2867.542631043207","3491.5757370848264","3491.5757370848264","3491.5757370848264","4036.6915494675136","4036.6915494675136","4036.6915494675136","3891.8616513253683","3891.8616513253683","3891.8616513253683","3958.625217774078","3958.625217774078","3958.625217774078","3368.445973508752","3368.445973508752","3368.445973508752","3689.213163394337","3689.213163394337","3689.213163394337","3846.2255857744203","3846.2255857744203","3846.2255857744203","3873.0751638575503","3873.0751638575503","3873.0751638575503"
"480","4212.768068237385","4212.768068237385","4212.768068237385","4269.01390238844","4269.01390238844","4269.01390238844","4179.69827265686","4179.69827265686","4179.69827265686","2602.876966449841","2602.876966449841","2602.876966449841","3581.543971722272","3581.543971722272","3581.543971722272","3971.536141104893","3971.536141104893","3971.536141104893","3962.619507457139","3962.619507457139","3962.619507457139","3959.7884704359153","3959.7884704359153","3959.7884704359153","3455.422018746048","3455.422018746048","3455.422018746048","3705.4539107128126","3705.4539107128126","3705.4539107128126","3798.920184504048","3798.920184504048","3798.920184504048","3926.2534719762975","3926.2534719762975","3926.2534719762975"
"490","4161.253533146605","4161.253533146605","4161.253533146605","4210.62759412562","4210.62759412562","4210.62759412562","4190.7703381331185","4190.7703381331185","4190.7703381331185","2925.0898447708723","2925.0898447708723","2925.0898447708723","3608.170128782813","3608.170128782813","3608.170128782813","4106.26284826578","4106.26284826578","4106.26284826578","3935.5691245128023","3935.5691245128023","3935.5691245128023","4008.4159188419044","4008.4159188419044","4008.4159188419044","3411.8458712013075","3411.8458712013075","3411.8458712013075","3591.9168020643747","3591.9168020643747","3591.9168020643747","3854.4373477149443","3854.4373477149443","3854.4373477149443","3890.623023363098","3890.623023363098","3890.623023363098"
"500","4182.961856981319","4182.961856981319","4182.961856981319","4219.356021460053","4219.356021460053","4219.356021460053","4079.4401691384583","4079.4401691384583","4079.4401691384583","2609.7740449776425","2609.7740449776425","2609.7740449776425","3460.866031797138","3460.866031797138","3460.866031797138","4113.370074722366","4113.370074722366","4113.370074722366","3937.377682920864","3937.377682920864","3937.377682920864","4029.976622917033","4029.976622917033","4029.976622917033","3472.5313099666223","3472.5313099666223","3472.5313099666223","3633.135746508751","3633.135746508751","3633.135746508751","3857.889915535993","3857.889915535993","3857.889915535993","3916.1342387279606","3916.1342387279606","3916.1342387279606"
"510","4224.137149742097","4224.137149742097","4224.137149742097","4246.137567478665","4246.137567478665","4246.137567478665","4077.731036255468","4077.731036255468","4077.731036255468","2881.7030327671587","2881.7030327671587","2881.7030327671587","3344.813654277376","3344.813654277376","3344.813654277376","4055.6270057422926","4055.6270057422926","4055.6270057422926","3973.956469994441","3973.956469994441","3973.956469994441","3976.0570366668553","3976.0570366668553","3976.0570366668553","3451.865618333665","3451.865618333665","3451.865618333665","3579.8465105360547","3579.8465105360547","3579.8465105360547","3833.464039586584","3833.464039586584","3833.464039586584","3834.2909488517325","3834.2909488517325","3834.2909488517325"
"520","4251.589836366174","4251.589836366174","4251.589836366174","4160.6163066409335","4160.6163066409335","4160.6163066409335","4138.471182146697","4138.471182146697","4138.471182146697","2845.131091396007","2845.131091396007","2845.131091396007","3514.0567441298454","3514.0567441298454","3514.0567441298454","4133.678450249839","4133.678450249839","4133.678450249839","3856.758279749733","3856.758279749733","3856.758279749733","4091.7354516909677","4091.7354516909677","4091.7354516909677","3384.70123908826","3384.70123908826","3384.70123908826","3669.250524584415","3669.250524584415","3669.250524584415","3849.3462202406563","3849.3462202406563","3849.3462202406563","3876.3061085698996","3876.3061085698996","3876.3061085698996"
"530","4237.301169590573","4237.301169590573","4237.301169590573","4150.830743763405","4150.830743763405","4150.830743763405","4167.702752557039","4167.702752557039","4167.702752557039","2976.173634521008","2976.173634521008","2976.173634521008","3500.0867791678565","3500.0867791678565","3500.0867791678565","4136.557385806384","4136.557385806384","4136.557385806384","3987.145554247489","3987.145554247489","3987.145554247489","4096.155898733676","4096.155898733676","4096.155898733676","3181.003908458158","3181.003908458158","3181.003908458158","3613.7226948911257","3613.7226948911257","3613.7226948911257","3804.875456149303","3804.875456149303","3804.875456149303","3910.506306677517","3910.506306677517","3910.506306677517"
"540","4209.344365021074","4209.344365021074","4209.344365021074","4094.5053312084556","4094.5053312084556","4094.5053312084556","4117.7028677968865","4117.7028677968865","4117.7028677968865","3046.5021904100286","3046.5021904100286","3046.5021904100286","3763.2637266963347","3763.2637266963347","3763.2637266963347","4134.574655960642","4134.574655960642","4134.574655960642","3947.5731092452443","3947.5731092452443","3947.5731092452443","4037.5113057094177","4037.5113057094177","4037.5113057094177","3480.069178178791","3480.069178178791","3480.069178178791","3581.411889406624","3581.411889406624","3581.411889406624","3864.175584212354","3864.175584212354","3864.175584212354","3886.0431931552303","3886.0431931552303","3886.0431931552303"
"550","4257.769141319471","4257.769141319471","4257.769141319471","4044.688927933167","4044.688927933167","4044.688927933167","4186.375537460296","4186.375537460296","4186.375537460296","3082.700742355895","3082.700742355895","3082.700742355895","3616.126860336542","3616.126860336542","3616.126860336542","4159.784878765177","4159.784878765177","4159.784878765177","4016.7785709127916","4016.7785709127916","4016.7785709127916","4137.029265457409","4137.029265457409","4137.029265457409","3525.796518368339","3525.796518368339","3525.796518368339","3642.4641547582514","3642.4641547582514","3642.4641547582514","3822.382086788345","3822.382086788345","3822.382086788345","3935.2627140965897","3935.2627140965897","3935.2627140965897"
"560","4285.476010329121","4285.476010329121","4285.476010329121","3972.548740656991","3972.548740656991","3972.548740656991","3955.8908145766204","3955.8908145766204","3955.8908145766204","2660.637328740435","2660.637328740435","2660.637328740435","3594.5896628277683","3594.5896628277683","3594.5896628277683","4179.344037196894","4179.344037196894","4179.344037196894","4011.144048209423","4011.144048209423","4011.144048209423","4143.784734565103","4143.784734565103","4143.784734565103","3393.919988095005","3393.919988095005","3393.919988095005","3682.652466722153","3682.652466722153","3682.652466722153","3854.1780972622537","3854.1780972622537","3854.1780972622537","3994.6950166450697","3994.6950166450697","3994.6950166450697"
"570","4260.971633390741","4260.971633390741","4260.971633390741","4067.0022577264162","4067.0022577264162","4067.0022577264162","4007.6009204759202","4007.6009204759202","4007.6009204759202","3088.2630811866525","3088.2630811866525","3088.2630811866525","3528.004724738554","3528.004724738554","3528.004724738554","4106.130644487675","4106.130644487675","4106.130644487675","3972.0884469753837","3972.0884469753837","3972.0884469753837","4176.72864019927","4176.72864019927","4176.72864019927","3379.36693809909","3379.36693809909","3379.36693809909","3704.1376088909833","3704.1376088909833","3704.1376088909833","3851.608684177297","3851.608684177297","3851.608684177297","3999.0486413593726","3999.0486413593726","3999.0486413593726"
"580","4257.0580291840715","4257.0580291840715","4257.0580291840715","3989.439005028334","3989.439005028334","3989.439005028334","4157.681413428283","4157.681413428283","4157.681413428283","3138.28350058644","3138.28350058644","3138.28350058644","3594.595358677472","3594.595358677472","3594.595358677472","4199.363406544391","4199.363406544391","4199.363406544391","3944.823585861674","3944.823585861674","3944.823585861674","4169.361405754606","4169.361405754606","4169.361405754606","3467.4056186513794","3467.4056186513794","3467.4056186513794","3703.6394703300894","3703.6394703300894","3703.6394703300894","3896.3313316361264","3896.3313316361264","3896.3313316361264","4051.993238180592","4051.993238180592","4051.993238180592"
"590","4236.570363414287","4236.570363414287","4236.570363414287","3885.9958821710147","3885.9958821710147","3885.9958821710147","4118.9394782026775","4118.9394782026775","4118.9394782026775","3108.028974107984","3108.028974107984","3108.028974107984","3342.7896396025158","3342.7896396025158","3342.7896396025158","4205.771438304837","4205.771438304837","4205.771438304837","3940.362176114082","3940.362176114082","3940.362176114082","4162.065682860032","4162.065682860032","4162.065682860032","3504.659026590783","3504.659026590783","3504.659026590783","3685.799434597011","3685.799434597011","3685.799434597011","3828.876817301488","3828.876817301488","3828.876817301488","3984.109470570553","3984.109470570553","3984.109470570553"
"600","4216.83096156697","4216.83096156697","4216.83096156697","3971.950239415836","3971.950239415836","3971.950239415836","4057.4512455859526","4057.4512455859526","4057.4512455859526","2905.936597795144","2905.936597795144","2905.936597795144","3320.210089202465","3320.210089202465","3320.210089202465","4277.766586882096","4277.766586882096","4277.766586882096","3947.0843039957604","3947.0843039957604","3947.0843039957604","4164.665165875333","4164.665165875333","4164.665165875333","3496.3559550684126","3496.3559550684126","3496.3559550684126","3617.1157601444247","3617.1157601444247","3617.1157601444247","3899.6466308494223","3899.6466308494223","3899.6466308494223","4011.07670108932","4011.07670108932","4011.07670108932"
"610","4222.156059722976","4222.156059722976","4222.156059722976","4045.5971983361937","4045.5971983361937","4045.5971983361937","4003.758739505519","4003.758739505519","4003.758739505519","3067.3198501720935","3067.3198501720935","3067.3198501720935","3617.958541203954","3617.958541203954","3617.958541203954","4262.249586956643","4262.249586956643","4262.249586956643","3988.954952967225","3988.954952967225","3988.954952967225","4167.205837752632","4167.205837752632","4167.205837752632","3567.0284778148234","3567.0284778148234","3567.0284778148234","3650.3851345260528","3650.3851345260528","3650.3851345260528","3850.4196816011113","3850.4196816011113","3850.4196816011113","3979.152737169729","3979.152737169729","3979.152737169729"
"620","4241.949537894055","4241.949537894055","4241.949537894055","3988.9560355204376","3988.9560355204376","3988.9560355204376","4096.440119605982","4096.440119605982","4096.440119605982","3204.9175244903618","3204.9175244903618","3204.9175244903618","3717.7423524731844","3717.7423524731844","3717.7423524731844","4206.933919169986","4206.933919169986","4206.933919169986","3969.482190257056","3969.482190257056","3969.482190257056","4172.685666306616","4172.685666306616","4172.685666306616","3621.1179292684637","3621.1179292684637","3621.1179292684637","3715.3464442297154","3715.3464442297154","3715.3464442297154","3878.6165894525657","3878.6165894525657","3878.6165894525657","4023.583923523841","4023.583923523841","4023.583923523841"
"630","4298.859758500284","4298.859758500284","4298.859758500284","3994.5353447338116","3994.5353447338116","3994.5353447338116","4098.3519925877545","4098.3519925877545","4098.3519925877545","3094.0756092710235","3094.0756092710235","3094.0756092710235","3499.020077125896","3499.020077125896","3499.020077125896","4166.887384657146","4166.887384657146","4166.887384657146","4004.925845556126","4004.925845556126","4004.925845556126","4229.157367168519","4229.157367168519","4229.157367168519","3574.4442561501","3574.4442561501","3574.4442561501","3676.2483351363016","3676.2483351363016","3676.2483351363016","3807.100343902444","3807.100343902444","3807.100343902444","4058.028108286567","4058.028108286567","4058.028108286567"
"640","4321.204813736894","4321.204813736894","4321.204813736894","4000.8601615438033","4000.8601615438033","4000.8601615438033","4105.236406857874","4105.236406857874","4105.236406857874","3275.73978289893","3275.73978289893","3275.73978289893","3486.533416305079","3486.533416305079","3486.533416305079","4163.467671109165","4163.467671109165","4163.467671109165","3962.1952154766973","3962.1952154766973","3962.1952154766973","4202.848609851346","4202.848609851346","4202.848609851346","3641.333384280555","3641.333384280555","3641.333384280555","3695.242791607305","3695.242791607305","3695.242791607305","3769.548157377011","3769.548157377011","3769.548157377011","3955.873785356473","3955.873785356473","3955.873785356473"
"650","4301.259087139051","4301.259087139051","4301.259087139051","4006.5523216595293","4006.5523216595293","4006.5523216595293","4033.9077374328526","4033.9077374328526","4033.9077374328526","2784.397643130041","2784.397643130041","2784.397643130041","3464.0797425416426","3464.0797425416426","3464.0797425416426","4224.119099338354","4224.119099338354","4224.119099338354","3930.49109842429","3930.49109842429","3930.49109842429","4191.675703918637","4191.675703918637","4191.675703918637","3515.540762094007","3515.540762094007","3515.540762094007","3698.6564543728796","3698.6564543728796","3698.6564543728796","3835.7495963262527","3835.7495963262527","3835.7495963262527","3988.525094475549","3988.525094475549","3988.525094475549"
"660","4339.560322567117","4339.560322567117","4339.560322567117","3989.233842117041","3989.233842117041","3989.233842117041","4054.7842487490357","4054.7842487490357","4054.7842487490357","2932.4266208592135","2932.4266208592135","2932.4266208592135","3345.339261640567","3345.339261640567","3345.339261640567","4236.996747142368","4236.996747142368","4236.996747142368","3958.7001063379057","3958.7001063379057","3958.7001063379057","4248.807092227807","4248.807092227807","4248.807092227807","3627.8590141207824","3627.8590141207824","3627.8590141207824","3768.7425273701933","3768.7425273701933","3768.7425273701933","3821.1464053126474","3821.1464053126474","3821.1464053126474","4032.6432409829604","4032.6432409829604","4032.6432409829604"
"670","4350.152313061679","4350.152313061679","4350.152313061679","3970.847821026017","3970.847821026017","3970.847821026017","4098.979543532574","4098.979543532574","4098.979543532574","3333.432486190319","3333.432486190319","3333.432486190319","3571.5485042671444","3571.5485042671444","3571.5485042671444","4233.860211774636","4233.860211774636","4233.860211774636","3980.1944654404915","3980.1944654404915","3980.1944654404915","4237.640765217189","4237.640765217189","4237.640765217189","3207.493676520168","3207.493676520168","3207.493676520168","3723.9829854133286","3723.9829854133286","3723.9829854133286","3796.7647023499712","3796.7647023499712","3796.7647023499712","3987.3164756288506","3987.3164756288506","3987.3164756288506"
"680","4345.308482465849","4345.308482465849","4345.308482465849","4001.6422189588616","4001.6422189588616","4001.6422189588616","4100.33520845244","4100.33520845244","4100.33520845244","3267.296000396606","3267.296000396606","3267.296000396606","3227.6358891617165","3227.6358891617165","3227.6358891617165","4261.56715802341","4261.56715802341","4261.56715802341","3932.484515820653","3932.484515820653","3932.484515820653","4223.653835205575","4223.653835205575","4223.653835205575","3478.0443846067838","3478.0443846067838","3478.0443846067838","3680.5602884545224","3680.5602884545224","3680.5602884545224","3818.235519053508","3818.235519053508","3818.235519053508","3906.4054392889984","3906.4054392889984","3906.4054392889984"
"690","4380.132435117701","4380.132435117701","4380.132435117701","4059.612967814236","4059.612967814236","4059.612967814236","4092.43750856757","4092.43750856757","4092.43750856757","3375.870961487249","3375.870961487249","3375.870961487249","3289.625351302147","3289.625351302147","3289.625351302147","4279.818973507506","4279.818973507506","4279.818973507506","3928.7271003880146","3928.7271003880146","3928.7271003880146","4260.286600339951","4260.286600339951","4260.286600339951","3565.055540464646","3565.055540464646","3565.055540464646","3619.150870488988","3619.150870488988","3619.150870488988","3824.175778257846","3824.175778257846","3824.175778257846","3962.979953903827","3962.979953903827","3962.979953903827"
"700","4392.504558072588","4392.504558072588","4392.504558072588","3899.2793004294435","3899.2793004294435","3899.2793004294435","4150.032949291218","4150.032949291218","4150.032949291218","3622.2657278268753","3622.2657278268753","3622.2657278268753","3252.6694732918095","3252.6694732918095","3252.6694732918095","4293.726553004095","4293.726553004095","4293.726553004095","3988.2769085327154","3988.2769085327154","3988.2769085327154","4213.77045211681","4213.77045211681","4213.77045211681","3283.6171704271082","3283.6171704271082","3283.6171704271082","3693.374128137021","3693.374128137021","3693.374128137021","3815.923022630405","3815.923022630405","3815.923022630405","3929.39051063327","3929.39051063327","3929.39051063327"
"710","4388.482265028679","4388.482265028679","4388.482265028679","3944.9136388207507","3944.9136388207507","3944.9136388207507","4188.862412044645","4188.862412044645","4188.862412044645","3490.9868409495507","3490.9868409495507","3490.9868409495507","2750.7742223701753","2750.7742223701753","2750.7742223701753","4270.615292016655","4270.615292016655","4270.615292016655","4024.8648766328506","4024.8648766328506","4024.8648766328506","4250.387994977824","4250.387994977824","4250.387994977824","3729.6687794656686","3729.6687794656686","3729.6687794656686","3714.022869724152","3714.022869724152","3714.022869724152","3775.279779997493","3775.279779997493","3775.279779997493","3924.5778703552014","3924.5778703552014","3924.5778703552014"
"720","4406.620666648969","4406.620666648969","4406.620666648969","3951.5122860638016","3951.5122860638016","3951.5122860638016","4154.825356167321","4154.825356167321","4154.825356167321","3483.7148076019234","3483.7148076019234","3483.7148076019234","2966.197508344935","2966.197508344935","2966.197508344935","4252.8180474462115","4252.8180474462115","4252.8180474462115","4010.0980798653313","4010.0980798653313","4010.0980798653313","4238.267983520496","4238.267983520496","4238.267983520496","3763.0489351210904","3763.0489351210904","3763.0489351210904","3720.6579720543255","3720.6579720543255","3720.6579720543255","3813.560663904454","3813.560663904454","3813.560663904454","3840.777967014879","3840.777967014879","3840.777967014879"
"730","4404.268070733594","4404.268070733594","4404.268070733594","3911.317654856715","3911.317654856715","3911.317654856715","4211.80750994972","4211.80750994972","4211.80750994972","3114.512114368863","3114.512114368863","3114.512114368863","3134.622134399175","3134.622134399175","3134.622134399175","4239.646967851257","4239.646967851257","4239.646967851257","3984.4164634894682","3984.4164634894682","3984.4164634894682","4182.9040759592335","4182.9040759592335","4182.9040759592335","3470.205945920887","3470.205945920887","3470.205945920887","3714.4766038622133","3714.4766038622133","3714.4766038622133","3853.668624446896","3853.668624446896","3853.668624446896","3822.52068196853","3822.52068196853","3822.52068196853"
"740","4458.465103941788","4458.465103941788","4458.465103941788","4054.8330966691783","4054.8330966691783","4054.8330966691783","4169.537934902357","4169.537934902357","4169.537934902357","3141.6487037580537","3141.6487037580537","3141.6487037580537","3411.0669027343556","3411.0669027343556","3411.0669027343556","4239.431283082105","4239.431283082105","4239.431283082105","4005.0886815643216","4005.0886815643216","4005.0886815643216","4232.296904621727","4232.296904621727","4232.296904621727","3704.908959371873","3704.908959371873","3704.908959371873","3705.9519053852127","3705.9519053852127","3705.9519053852127","3714.3972933108103","3714.3972933108103","3714.3972933108103","3891.388704504757","3891.388704504757","3891.388704504757"
"750","4439.381839341895","4439.381839341895","4439.381839341895","4155.802138729737","4155.802138729737","4155.802138729737","4197.913500858696","4197.913500858696","4197.913500858696","2809.4454741067248","2809.4454741067248","2809.4454741067248","3232.0632584437094","3232.0632584437094","3232.0632584437094","4269.629430280092","4269.629430280092","4269.629430280092","4001.275166083136","4001.275166083136","4001.275166083136","4163.760932379218","4163.760932379218","4163.760932379218","3570.393523469319","3570.393523469319","3570.393523469319","3739.73328690497","3739.73328690497","3739.73328690497","3782.948908976735","3782.948908976735","3782.948908976735","3906.870125398804","3906.870125398804","3906.870125398804"
"760","4477.48152647797","4477.48152647797","4477.48152647797","3968.077141590295","3968.077141590295","3968.077141590295","4201.735260702689","4201.735260702689","4201.735260702689","3229.3482631874217","3229.3482631874217","3229.3482631874217","3612.9322193636563","3612.9322193636563","3612.9322193636563","4245.560235623632","4245.560235623632","4245.560235623632","4094.7742790011994","4094.7742790011994","4094.7742790011994","4140.894490572423","4140.894490572423","4140.894490572423","3386.5796724418283","3386.5796724418283","3386.5796724418283","3667.4828041645283","3667.4828041645283","3667.4828041645283","3801.806091635629","3801.806091635629","3801.806091635629","3928.642442854469","3928.642442854469","3928.642442854469"
"770","4452.881769965624","4452.881769965624","4452.881769965624","4180.353390830614","4180.353390830614","4180.353390830614","4179.362952955985","4179.362952955985","4179.362952955985","2961.73745306949","2961.73745306949","2961.73745306949","3528.337410516022","3528.337410516022","3528.337410516022","4259.925071214298","4259.925071214298","4259.925071214298","4037.1888017248216","4037.1888017248216","4037.1888017248216","4174.4323021184","4174.4323021184","4174.4323021184","3488.822954599633","3488.822954599633","3488.822954599633","3716.521885259777","3716.521885259777","3716.521885259777","3816.550075608793","3816.550075608793","3816.550075608793","3942.6948944618634","3942.6948944618634","3942.6948944618634"
"780","4427.148126062744","4427.148126062744","4427.148126062744","4105.6792785108555","4105.6792785108555","4105.6792785108555","4248.002568532929","4248.002568532929","4248.002568532929","2826.355132511966","2826.355132511966","2826.355132511966","3760.1363923161057","3760.1363923161057","3760.1363923161057","4283.899106222462","4283.899106222462","4283.899106222462","4031.253084919595","4031.253084919595","4031.253084919595","4231.272317693485","4231.272317693485","4231.272317693485","3199.219787153515","3199.219787153515","3199.219787153515","3799.813035634118","3799.813035634118","3799.813035634118","3844.5016726173862","3844.5016726173862","3844.5016726173862","3848.3017050800563","3848.3017050800563","3848.3017050800563"
"790","4467.010576125524","4467.010576125524","4467.010576125524","4203.981504644207","4203.981504644207","4203.981504644207","4270.016719796144","4270.016719796144","4270.016719796144","2584.2012192128695","2584.2012192128695","2584.2012192128695","3663.6039425145527","3663.6039425145527","3663.6039425145527","4254.111347666932","4254.111347666932","4254.111347666932","3949.64563059952","3949.64563059952","3949.64563059952","4237.961448372048","4237.961448372048","4237.961448372048","3491.4185712078693","3491.4185712078693","3491.4185712078693","3672.2805628172987","3672.2805628172987","3672.2805628172987","3816.9527120025277","3816.9527120025277","3816.9527120025277","3931.736821377788","3931.736821377788","3931.736821377788"
"800","4408.725737312259","4408.725737312259","4408.725737312259","4180.875449624773","4180.875449624773","4180.875449624773","4253.587839774691","4253.587839774691","4253.587839774691","2999.0543229343334","2999.0543229343334","2999.0543229343334","3562.0331622394397","3562.0331622394397","3562.0331622394397","4289.16930549931","4289.16930549931","4289.16930549931","4026.726984262328","4026.726984262328","4026.726984262328","4269.210484921884","4269.210484921884","4269.210484921884","3520.584868537484","3520.584868537484","3520.584868537484","3820.254574034695","3820.254574034695","3820.254574034695","3839.8804754876573","3839.8804754876573","3839.8804754876573","3853.477506815313","3853.477506815313","3853.477506815313"
"810","4377.524578489089","4377.524578489089","4377.524578489089","4222.761050681678","4222.761050681678","4222.761050681678","4402.606160489702","4402.606160489702","4402.606160489702","2912.7099630418893","2912.7099630418893","2912.7099630418893","3573.5847238092656","3573.5847238092656","3573.5847238092656","4309.216801956367","4309.216801956367","4309.216801956367","4024.7052828734186","4024.7052828734186","4024.7052828734186","4208.506848017335","4208.506848017335","4208.506848017335","3532.2045070619383","3532.2045070619383","3532.2045070619383","3770.3829863792503","3770.3829863792503","3770.3829863792503","3793.728775607286","3793.728775607286","3793.728775607286","3897.7412619963216","3897.7412619963216","3897.7412619963216"
"820","4321.071915707941","4321.071915707941","4321.071915707941","4220.008104342553","4220.008104342553","4220.008104342553","4378.238819003083","4378.238819003083","4378.238819003083","2734.205745693336","2734.205745693336","2734.205745693336","3526.7181059217314","3526.7181059217314","3526.7181059217314","4310.666662638793","4310.666662638793","4310.666662638793","3982.017939832234","3982.017939832234","3982.017939832234","4239.775749821685","4239.775749821685","4239.775749821685","3279.9572066047012","3279.9572066047012","3279.9572066047012","3790.4017253262214","3790.4017253262214","3790.4017253262214","3861.910739353444","3861.910739353444","3861.910739353444","3839.839964502051","3839.839964502051","3839.839964502051"
"830","4322.2950430531255","4322.2950430531255","4322.2950430531255","4294.01850326016","4294.01850326016","4294.01850326016","4465.315858417705","4465.315858417705","4465.315858417705","2884.1262601724325","2884.1262601724325","2884.1262601724325","3742.839851476873","3742.839851476873","3742.839851476873","4228.1560819908555","4228.1560819908555","4228.1560819908555","4016.6369461419004","4016.6369461419004","4016.6369461419004","4270.278437011641","4270.278437011641","4270.278437011641","3308.082988361845","3308.082988361845","3308.082988361845","3836.2300633716923","3836.2300633716923","3836.2300633716923","3821.878128526526","3821.878128526526","3821.878128526526","3906.653074944191","3906.653074944191","3906.653074944191"
"840","4316.83766011294","4316.83766011294","4316.83766011294","4284.791178583914","4284.791178583914","4284.791178583914","4379.86334546186","4379.86334546186","4379.86334546186","2957.936971613919","2957.936971613919","2957.936971613919","3677.6254151546955","3677.6254151546955","3677.6254151546955","4197.320976073838","4197.320976073838","4197.320976073838","4027.3454063215277","4027.3454063215277","4027.3454063215277","4237.981477872582","4237.981477872582","4237.981477872582","3841.7334646255226","3841.7334646255226","3841.7334646255226","3828.005658355436","3828.005658355436","3828.005658355436","3832.2502110649975","3832.2502110649975","3832.2502110649975","3866.7242919827595","3866.7242919827595","3866.7242919827595"
"850","4330.4134040422605","4330.4134040422605","4330.4134040422605","4263.1339273559615","4263.1339273559615","4263.1339273559615","4306.398121493991","4306.398121493991","4306.398121493991","2721.990077657842","2721.990077657842","2721.990077657842","3672.3507118700927","3672.3507118700927","3672.3507118700927","4212.989210943344","4212.989210943344","4212.989210943344","3967.463532134715","3967.463532134715","3967.463532134715","4220.240246090244","4220.240246090244","4220.240246090244","3559.5486475868206","3559.5486475868206","3559.5486475868206","3810.6450713319255","3810.6450713319255","3810.6450713319255","3781.9870359392253","3781.9870359392253","3781.9870359392253","3864.361826314752","3864.361826314752","3864.361826314752"
"860","4319.406984013859","4319.406984013859","4319.406984013859","4270.40822920083","4270.40822920083","4270.40822920083","4455.6660086738575","4455.6660086738575","4455.6660086738575","3221.1845002439036","3221.1845002439036","3221.1845002439036","3478.5745791112113","3478.5745791112113","3478.5745791112113","4196.090799474148","4196.090799474148","4196.090799474148","3993.8319911275926","3993.8319911275926","3993.8319911275926","4216.7370215362125","4216.7370215362125","4216.7370215362125","3500.1299355756046","3500.1299355756046","3500.1299355756046","3852.3329975350944","3852.3329975350944","3852.3329975350944","3826.6714569427204","3826.6714569427204","3826.6714569427204","3958.794716662755","3958.794716662755","3958.794716662755"
"863","","","","","","","4479.355567140413","4479.355567140413","4479.355567140413","","","","","","","","","","","","","","","","","","","","","","","","","","",""
"864","","","","4272.112524412112","4272.112524412112","4272.112524412112","","","","","","","","","","","","","","","","","","","","","","","","","","","","","",""
"870","4209.532470988985","4209.532470988985","4209.532470988985","","","","4434.140005816703","4434.140005816703","4434.140005816703","3346.4134334469786","3346.4134334469786","3346.4134334469786","3659.1146708448387","3659.1146708448387","3659.1146708448387","4226.670355550932","4226.670355550932","4226.670355550932","3982.4627484531593","3982.4627484531593","3982.4627484531593","4151.23948690402","4151.23948690402","4151.23948690402","3524.866748882307","3524.866748882307","3524.866748882307","3855.4218225778227","3855.4218225778227","3855.4218225778227","3765.3377752752544","3765.3377752752544","3765.3377752752544","3941.0757889551255","3941.0757889551255","3941.0757889551255"
"871","","","","4216.50827587792","4216.50827587792","4216.50827587792","","","","","","","","","","","","","","","","","","","","","","","","","","","","","",""
"880","4207.717469606553","4207.717469606553","4207.717469606553","","","","4367.412799350478","4367.412799350478","4367.412799350478","3272.9281920044327","3272.9281920044327","3272.9281920044327","3487.579909002316","3487.579909002316","3487.579909002316","4246.397470757327","4246.397470757327","4246.397470757327","4039.868552691945","4039.868552691945","4039.868552691945","4114.053794647161","4114.053794647161","4114.053794647161","3533.0323969065025","3533.0323969065025","3533.0323969065025","3745.170356335942","3745.170356335942","3745.170356335942","3795.261785787504","3795.261785787504","3795.261785787504","3806.3139244899294","3806.3139244899294","3806.3139244899294"
"881","","","","4282.848240706444","4282.848240706444","4282.848240706444","","","","","","","","","","","","","","","","","","","","","","","","","","","","","",""
"890","4190.070526099747","4190.070526099747","4190.070526099747","","","","4238.467016166312","4238.467016166312","4238.467016166312","3195.1076181177223","3195.1076181177223","3195.1076181177223","3571.2556439431487","3571.2556439431487","3571.2556439431487","4227.17881991858","4227.17881991858","4227.17881991858","4067.9027445626657","4067.9027445626657","4067.9027445626657","4097.30989652969","4097.30989652969","4097.30989652969","3684.9433282969444","3684.9433282969444","3684.9433282969444","3786.5352962151724","3786.5352962151724","3786.5352962151724","3777.353237180972","3777.353237180972","3777.353237180972","3897.1870029351694","3897.1870029351694","3897.1870029351694"
"891","","","","4314.689529433628","4314.689529433628","4314.689529433628","","","","","","","","","","","","","","","","","","","","","","","","","","","","","",""
"900","4139.36165530773","4139.36165530773","4139.36165530773","","","","4249.392861091813","4249.392861091813","4249.392861091813","3324.1612387669197","3324.1612387669197","3324.1612387669197","3605.9119457236807","3605.9119457236807","3605.9119457236807","4210.169797647151","4210.169797647151","4210.169797647151","4079.4586914619335","4079.4586914619335","4079.4586914619335","4102.047065165797","4102.047065165797","4102.047065165797","3391.5950874889295","3391.5950874889295","3391.5950874889295","3825.6474145039733","3825.6474145039733","3825.6474145039733","3775.7096308160085","3775.7096308160085","3775.7096308160085","3969.691448973638","3969.691448973638","3969.691448973638"
"901","","","","4351.999166765747","4351.999166765747","4351.999166765747","","","","","","","","","","","","","","","","","","","","","","","","","","","","","",""
"902","4111.524420958396","4111.524420958396","4111.524420958396","","","","","","","","","","","","","","","","","","","","","","","","","","","","","","","","",""
"910","","","","","","","4247.879016807836","4247.879016807836","4247.879016807836","3283.0915253218773","3283.0915253218773","3283.0915253218773","3558.4460187776835","3558.4460187776835","3558.4460187776835","4246.515061873618","4246.515061873618","4246.515061873618","4093.6019333329314","4093.6019333329314","4093.6019333329314","4183.662294096078","4183.662294096078","4183.662294096078","3424.281427848594","3424.281427848594","3424.281427848594","3760.9961770044292","3760.9961770044292","3760.9961770044292","3641.464758814954","3641.464758814954","3641.464758814954","3931.1278688413463","3931.1278688413463","3931.1278688413463"
"911","4087.3708186673657","4087.3708186673657","4087.3708186673657","4374.623520385443","4374.623520385443","4374.623520385443","","","","","","","","","","","","","","","","","","","","","","","","","","","","","",""
"920","","","","","","","4219.676838602021","4219.676838602021","4219.676838602021","3284.488747893934","3284.488747893934","3284.488747893934","3521.21184361005","3521.21184361005","3521.21184361005","4251.442778530415","4251.442778530415","4251.442778530415","4095.198186160566","4095.198186160566","4095.198186160566","4158.259733926339","4158.259733926339","4158.259733926339","3531.15024769762","3531.15024769762","3531.15024769762","3806.12628311679","3806.12628311679","3806.12628311679","3777.5821662649564","3777.5821662649564","3777.5821662649564","3922.859222019853","3922.859222019853","3922.859222019853"
"921","4126.172253213337","4126.172253213337","4126.172253213337","4365.226248377447","4365.226248377447","4365.226248377447","","","","","","","","","","","","","","","","","","","","","","","","","","","","","",""
"930","","","","","","","4307.432342103593","4307.432342103593","4307.432342103593","3381.174938908901","3381.174938908901","3381.174938908901","3590.8107993269055","3590.8107993269055","3590.8107993269055","4241.2924096393035","4241.2924096393035","4241.2924096393035","4060.1771586646255","4060.1771586646255","4060.1771586646255","4136.710648649509","4136.710648649509","4136.710648649509","3760.3943453544107","3760.3943453544107","3760.3943453544107","3778.598448746521","3778.598448746521","3778.598448746521","3733.677114579342","3733.677114579342","3733.677114579342","3895.616477976592","3895.616477976592","3895.616477976592"
"931","4104.65604595769","4104.65604595769","4104.65604595769","4412.404480084285","4412.404480084285","4412.404480084285","","","","","","","","","","","","","","","","","","","","","","","","","","","","","",""
"940","","","","","","","4385.568820897524","4385.568820897524","4385.568820897524","3730.7466899291207","3730.7466899291207","3730.7466899291207","3537.548314037997","3537.548314037997","3537.548314037997","4297.714309118379","4297.714309118379","4297.714309118379","4049.355317057862","4049.355317057862","4049.355317057862","4148.921884490433","4148.921884490433","4148.921884490433","3590.958705853151","3590.958705853151","3590.958705853151","3642.9562403798955","3642.9562403798955","3642.9562403798955","3771.2487706422207","3771.2487706422207","3771.2487706422207","3877.42703352591","3877.42703352591","3877.42703352591"
"941","4059.0143665425057","4059.0143665425057","4059.0143665425057","4441.505835604371","4441.505835604371","4441.505835604371","","","","","","","","","","","","","","","","","","","","","","","","","","","","","",""
"950","","","","","","","4347.7964778478035","4347.7964778478035","4347.7964778478035","3512.7597511340873","3512.7597511340873","3512.7597511340873","3572.75727883767","3572.75727883767","3572.75727883767","4328.412720230827","4328.412720230827","4328.412720230827","4057.819201218321","4057.819201218321","4057.819201218321","4128.409894166721","4128.409894166721","4128.409894166721","3551.8929738831566","3551.8929738831566","3551.8929738831566","3771.8653622625716","3771.8653622625716","3771.8653622625716","3810.634439216696","3810.634439216696","3810.634439216696","3959.7092899008944","3959.7092899008944","3959.7092899008944"
"951","4069.091990382875","4069.091990382875","4069.091990382875","4409.204861150649","4409.204861150649","4409.204861150649","","","","","","","","","","","","","","","","","","","","","","","","","","","","","",""
"960","","","","","","","4379.727681223111","4379.727681223111","4379.727681223111","3225.247141972943","3225.247141972943","3225.247141972943","3491.9668203911674","3491.9668203911674","3491.9668203911674","4368.780831329475","4368.780831329475","4368.780831329475","4088.5729819378735","4088.5729819378735","4088.5729819378735","4115.4221146178015","4115.4221146178015","4115.4221146178015","3603.903043944346","3603.903043944346","3603.903043944346","3751.067802230203","3751.067802230203","3751.067802230203","3804.6012445946644","3804.6012445946644","3804.6012445946644","3886.9244050433203","3886.9244050433203","3886.9244050433203"
"961","4092.1740480752414","4092.1740480752414","4092.1740480752414","4433.50941862634","4433.50941862634","4433.50941862634","","","","","","","","","","","","","","","","","","","","","","","","","","","","","",""
"970","","","","","","","4510.268236364881","4510.268236364881","4510.268236364881","3475.0861649013877","3475.0861649013877","3475.0861649013877","3354.0645279943815","3354.0645279943815","3354.0645279943815","4310.346898339761","4310.346898339761","4310.346898339761","4002.4525134968817","4002.4525134968817","4002.4525134968817","4106.09810560353","4106.09810560353","4106.09810560353","3471.261013159083","3471.261013159083","3471.261013159083","3670.198502027376","3670.198502027376","3670.198502027376","3786.098401672522","3786.098401672522","3786.098401672522","3788.9746191187937","3788.9746191187937","3788.9746191187937"
"971","4071.0786112548813","4071.0786112548813","4071.0786112548813","4404.196756363657","4404.196756363657","4404.196756363657","","","","","","","","","","","","","","","","","","","","","","","","","","","","","",""
"980","","","","","","","4499.434938202348","4499.434938202348","4499.434938202348","3698.7822064532616","3698.7822064532616","3698.7822064532616","3613.076769222708","3613.076769222708","3613.076769222708","4382.491756844085","4382.491756844085","4382.491756844085","4025.0413595850164","4025.0413595850164","4025.0413595850164","4127.784574193209","4127.784574193209","4127.784574193209","3731.803394920928","3731.803394920928","3731.803394920928","3854.0702409112446","3854.0702409112446","3854.0702409112446","3842.7246721234214","3842.7246721234214","3842.7246721234214","3906.194942569645","3906.194942569645","3906.194942569645"
"981","4093.171818970803","4093.171818970803","4093.171818970803","4398.923925340272","4398.923925340272","4398.923925340272","","","","","","","","","","","","","","","","","","","","","","","","","","","","","",""
"990","","","","","","","4450.871415406238","4450.871415406238","4450.871415406238","3324.1319561534265","3324.1319561534265","3324.1319561534265","3605.1010471764325","3605.1010471764325","3605.1010471764325","4373.210165531675","4373.210165531675","4373.210165531675","4035.6545145361606","4035.6545145361606","4035.6545145361606","4184.33355051312","4184.33355051312","4184.33355051312","3843.1366308290135","3843.1366308290135","3843.1366308290135","3838.6868732811104","3838.6868732811104","3838.6868732811104","3832.686730081756","3832.686730081756","3832.686730081756","3856.5226023725068","3856.5226023725068","3856.5226023725068"
"991","4020.6331862564525","4020.6331862564525","4020.6331862564525","4449.725529355106","4449.725529355106","4449.725529355106","","","","","","","","","","","","","","","","","","","","","","","","","","","","","",""
"1000","","","","","","","4519.719055366392","4519.719055366392","4519.719055366392","","","","","","","","","","","","","","","","","","","","","","","","","","",""
"1001","4037.0368425337665","4037.0368425337665","4037.0368425337665","4392.594774188779","4392.594774188779","4392.594774188779","","","","","","","","","","","","","","","","","","","","","","","","","","","","","",""
"1010","","","","","","","4467.350644989722","4467.350644989722","4467.350644989722","","","","","","","","","","","","","","","","","","","","","","","","","","",""
"1011","4111.564898479733","4111.564898479733","4111.564898479733","4404.922505834074","4404.922505834074","4404.922505834074","","","","","","","","","","","","","","","","","","","","","","","","","","","","","",""
"1021","4103.398409745272","4103.398409745272","4103.398409745272","","","","","","","","","","","","","","","","","","","","","","","","","","","","","","","","",""
"1031","4012.5215434936094","4012.5215434936094","4012.5215434936094","","","","","","","","","","","","","","","","","","","","","","","","","","","","","","","","",""
"1041","4155.055838036853","4155.055838036853","4155.055838036853","","","","","","","","","","","","","","","","","","","","","","","","","","","","","","","","",""
"1051","4080.990327242903","4080.990327242903","4080.990327242903","","","","","","","","","","","","","","","","","","","","","","","","","","","","","","","","",""